{"cameraMode":{"drawMode":0,"name":"Shaded","section":"Shading Mode"},"sceneLighting":true,"audioPlay":false,"sceneViewState":{"showFog":false,"showMaterialUpdate":false,"showSkybox":false,"showFlares":false,"showImageEffects":false,"showParticleSystems":false},"in2DMode":false,"pivot":{"x":-12.22705078125,"y":4.095703125,"z":20.98095703125},"rotation":{"x":0.20270484685897828,"y":-0.4263976514339447,"z":0.09866874665021897,"w":0.8759909272193909},"size":14.336577415466309,"orthographic":true}