{"cameraMode":{"drawMode":0,"name":"Shaded","section":"Shading Mode"},"sceneLighting":true,"audioPlay":false,"sceneViewState":{"showFog":false,"showMaterialUpdate":false,"showSkybox":false,"showFlares":false,"showImageEffects":false,"showParticleSystems":false},"in2DMode":false,"pivot":{"x":9.178452491760254,"y":-0.125,"z":11.907058715820313},"rotation":{"x":0.06383652985095978,"y":0.023948926478624345,"z":-0.0015318014193326235,"w":0.9976730942726135},"size":33.66261672973633,"orthographic":true}