{"cameraMode":{"drawMode":0,"name":"Shaded","section":"Shading Mode"},"sceneLighting":true,"audioPlay":false,"sceneViewState":{"showFog":false,"showMaterialUpdate":false,"showSkybox":false,"showFlares":false,"showImageEffects":false,"showParticleSystems":false},"in2DMode":false,"pivot":{"x":0.549999475479126,"y":0.8033760190010071,"z":0.5000011920928955},"rotation":{"x":0.2531545162200928,"y":0.14415790140628816,"z":-0.03817959874868393,"w":0.9558697938919067},"size":43.09693908691406,"orthographic":true}