{"cameraMode":{"drawMode":0,"name":"Shaded","section":"Shading Mode"},"sceneLighting":true,"audioPlay":false,"sceneViewState":{"showFog":false,"showMaterialUpdate":false,"showSkybox":false,"showFlares":false,"showImageEffects":false,"showParticleSystems":false},"in2DMode":false,"pivot":{"x":20.0,"y":0.2830943465232849,"z":0.9999786615371704},"rotation":{"x":-0.0037948356475681068,"y":-0.9720595479011536,"z":0.23417185246944428,"w":-0.015752416104078294},"size":4.444501876831055,"orthographic":true}