{"cameraMode":{"drawMode":0,"name":"Shaded","section":"Shading Mode"},"sceneLighting":true,"audioPlay":false,"sceneViewState":{"showFog":false,"showMaterialUpdate":false,"showSkybox":false,"showFlares":false,"showImageEffects":false,"showParticleSystems":false},"in2DMode":false,"pivot":{"x":0.549999475479126,"y":0.8033760190010071,"z":0.5000011920928955},"rotation":{"x":0.2533675730228424,"y":0.2431553304195404,"z":-0.06596207618713379,"w":0.9339936971664429},"size":40.792076110839847,"orthographic":true}