{"cameraMode":{"drawMode":0,"name":"Shaded","section":"Shading Mode"},"sceneLighting":true,"audioPlay":false,"sceneViewState":{"showFog":true,"showMaterialUpdate":false,"showSkybox":true,"showFlares":true,"showImageEffects":true,"showParticleSystems":true},"in2DMode":false,"pivot":{"x":-20.021102905273439,"y":-1.2265625,"z":-10.1845703125},"rotation":{"x":0.6220722198486328,"y":0.00469689117744565,"z":-0.0037336114328354599,"w":0.7829403877258301},"size":31.204675674438478,"orthographic":true}